datetime,date,duel,g1,p1
2022-01-20T23:17:07.025789,2022-01-18,Macron-Le Pen,0.568,0.8985
2022-01-20T23:17:07.025789,2022-01-18,Macron-Pécresse,0.54,0.7465
2022-01-20T23:17:07.025789,2022-01-18,Macron-Zemmour,0.627,0.9965
2022-01-20T23:44:34.931759,2022-01-18,Macron-Le Pen,0.568,0.897
2022-01-20T23:44:34.931759,2022-01-18,Macron-Pécresse,0.54,0.7405
2022-01-20T23:44:34.931759,2022-01-18,Macron-Zemmour,0.627,0.9975
2022-01-21T00:12:42.903577,2022-01-18,Macron-Le Pen,0.568,0.9045
2022-01-21T00:12:42.903577,2022-01-18,Macron-Pécresse,0.54,0.758
2022-01-21T00:12:42.903577,2022-01-18,Macron-Zemmour,0.627,0.9965
2022-01-21T00:39:32.512190,2022-01-18,Macron-Le Pen,0.568,0.8865
2022-01-21T00:39:32.512190,2022-01-18,Macron-Pécresse,0.54,0.758
2022-01-21T00:39:32.512190,2022-01-18,Macron-Zemmour,0.627,0.996
2022-01-21T06:14:30.674811,2022-01-18,Macron-Le Pen,0.568,0.8995
2022-01-21T06:14:30.674811,2022-01-18,Macron-Pécresse,0.54,0.7575
2022-01-21T06:14:30.674811,2022-01-18,Macron-Zemmour,0.627,0.9975
2022-01-21T10:49:49.884452,2022-01-18,Macron-Le Pen,0.568,0.893
2022-01-21T10:49:49.884452,2022-01-18,Macron-Pécresse,0.54,0.7695
2022-01-21T10:49:49.884452,2022-01-18,Macron-Zemmour,0.627,0.9975
2022-01-21T10:34:42.376280,2022-01-18,Macron-Le Pen,0.568,0.894
2022-01-21T10:34:42.376280,2022-01-18,Macron-Pécresse,0.54,0.767
2022-01-21T10:34:42.376280,2022-01-18,Macron-Zemmour,0.627,0.9975
2022-01-21T12:18:34.346293,2022-01-18,Macron-Le Pen,0.568,0.901
2022-01-21T12:18:34.346293,2022-01-18,Macron-Pécresse,0.54,0.7525
2022-01-21T12:18:34.346293,2022-01-18,Macron-Zemmour,0.627,0.9945
2022-01-21T18:13:47.486110,2022-01-18,Macron-Le Pen,0.568,0.906
2022-01-21T18:13:47.486110,2022-01-18,Macron-Pécresse,0.54,0.761
2022-01-21T18:13:47.486110,2022-01-18,Macron-Zemmour,0.627,0.997
2022-01-22T00:39:45.798791,2022-01-18,Macron-Le Pen,0.563,0.8755
2022-01-22T00:39:45.798791,2022-01-18,Macron-Pécresse,0.5329999999999999,0.7075
2022-01-22T00:39:45.798791,2022-01-18,Macron-Zemmour,0.627,0.998
2022-01-22T06:13:31.623307,2022-01-18,Macron-Le Pen,0.563,0.88
2022-01-22T06:13:31.623307,2022-01-18,Macron-Pécresse,0.5329999999999999,0.723
2022-01-22T06:13:31.623307,2022-01-18,Macron-Zemmour,0.627,0.997
2022-01-22T12:17:25.269367,2022-01-18,Macron-Le Pen,0.563,0.872
2022-01-22T12:17:25.269367,2022-01-18,Macron-Pécresse,0.5329999999999999,0.7255
2022-01-22T12:17:25.269367,2022-01-18,Macron-Zemmour,0.627,0.9965
2022-01-22T17:43:19.323339,2022-01-18,Macron-Le Pen,0.563,0.8665
2022-01-22T17:43:19.323339,2022-01-18,Macron-Pécresse,0.5329999999999999,0.7265
2022-01-22T17:43:19.323339,2022-01-18,Macron-Zemmour,0.627,0.9975
2022-01-22T16:45:13.078563,2022-01-18,Macron-Le Pen,0.563,0.8925
2022-01-22T16:45:13.078563,2022-01-18,Macron-Pécresse,0.5329999999999999,0.719
2022-01-22T16:45:13.078563,2022-01-18,Macron-Zemmour,0.627,0.9965
2022-01-22T16:46:54.293212,2022-01-18,Macron-Le Pen,0.563,0.872
2022-01-22T16:46:54.293212,2022-01-18,Macron-Pécresse,0.5329999999999999,0.7125
2022-01-22T16:46:54.293212,2022-01-18,Macron-Zemmour,0.627,0.9975
2022-01-22T18:13:04.011069,2022-01-18,Macron-Le Pen,0.563,0.886
2022-01-22T18:13:04.011069,2022-01-18,Macron-Pécresse,0.5329999999999999,0.727
2022-01-22T18:13:04.011069,2022-01-18,Macron-Zemmour,0.627,0.9985
2022-01-23T00:40:21.415350,2022-01-18,Macron-Le Pen,0.563,0.8695
2022-01-23T00:40:21.415350,2022-01-18,Macron-Pécresse,0.5329999999999999,0.7325
2022-01-23T00:40:21.415350,2022-01-18,Macron-Zemmour,0.627,0.999
2022-01-23T06:14:04.175166,2022-01-18,Macron-Le Pen,0.563,0.8775
2022-01-23T06:14:04.175166,2022-01-18,Macron-Pécresse,0.5329999999999999,0.7215
2022-01-23T06:14:04.175166,2022-01-18,Macron-Zemmour,0.627,0.996
2022-01-23T12:18:14.673268,2022-01-18,Macron-Le Pen,0.563,0.8775
2022-01-23T12:18:14.673268,2022-01-18,Macron-Pécresse,0.5329999999999999,0.723
2022-01-23T12:18:14.673268,2022-01-18,Macron-Zemmour,0.627,0.996
2022-01-23T18:12:49.143005,2022-01-18,Macron-Le Pen,0.564,0.8875
2022-01-23T18:12:49.143005,2022-01-18,Macron-Pécresse,0.5379999999999999,0.7375
2022-01-23T18:12:49.143005,2022-01-18,Macron-Zemmour,0.627,0.996
2022-01-23T18:56:47.271090,2022-01-18,Macron-Le Pen,0.564,0.8895
2022-01-23T18:56:47.271090,2022-01-18,Macron-Pécresse,0.5379999999999999,0.736
2022-01-23T18:56:47.271090,2022-01-18,Macron-Zemmour,0.627,0.9985
2022-01-24T00:40:32.158170,2022-01-18,Macron-Le Pen,0.564,0.888
2022-01-24T00:40:32.158170,2022-01-18,Macron-Pécresse,0.5379999999999999,0.7385
2022-01-24T00:40:32.158170,2022-01-18,Macron-Zemmour,0.627,0.997
2022-01-24T06:17:34.455265,2022-01-18,Macron-Le Pen,0.564,0.8875
2022-01-24T06:17:34.455265,2022-01-18,Macron-Pécresse,0.5379999999999999,0.7485
2022-01-24T06:17:34.455265,2022-01-18,Macron-Zemmour,0.627,0.997
2022-01-24T12:18:09.175460,2022-01-18,Macron-Le Pen,0.564,0.884
2022-01-24T12:18:09.175460,2022-01-18,Macron-Pécresse,0.5379999999999999,0.7535
2022-01-24T12:18:09.175460,2022-01-18,Macron-Zemmour,0.627,0.9975
2022-01-24T18:11:46.944937,2022-01-18,Macron-Le Pen,0.564,0.8695
2022-01-24T18:11:46.944937,2022-01-18,Macron-Pécresse,0.5379999999999999,0.741
2022-01-24T18:11:46.944937,2022-01-18,Macron-Zemmour,0.627,0.999
2022-01-25T00:44:57.758632,2022-01-18,Macron-Le Pen,0.564,0.8735
2022-01-25T00:44:57.758632,2022-01-18,Macron-Pécresse,0.5379999999999999,0.769
2022-01-25T00:44:57.758632,2022-01-18,Macron-Zemmour,0.627,0.9975
2022-01-25T06:14:23.243383,2022-01-18,Macron-Le Pen,0.564,0.8795
2022-01-25T06:14:23.243383,2022-01-18,Macron-Pécresse,0.5379999999999999,0.749
2022-01-25T06:14:23.243383,2022-01-18,Macron-Zemmour,0.627,0.9965
2022-01-25T12:18:59.176010,2022-01-18,Macron-Le Pen,0.564,0.884
2022-01-25T12:18:59.176010,2022-01-18,Macron-Pécresse,0.5379999999999999,0.747
2022-01-25T12:18:59.176010,2022-01-18,Macron-Zemmour,0.627,0.9945
2022-01-25T18:14:05.172782,2022-01-18,Macron-Le Pen,0.564,0.8865
2022-01-25T18:14:05.172782,2022-01-18,Macron-Pécresse,0.5379999999999999,0.7435
2022-01-25T18:14:05.172782,2022-01-18,Macron-Zemmour,0.627,0.9965
2022-01-26T00:46:17.774489,2022-01-18,Macron-Le Pen,0.564,0.871
2022-01-26T00:46:17.774489,2022-01-18,Macron-Pécresse,0.5379999999999999,0.743
2022-01-26T00:46:17.774489,2022-01-18,Macron-Zemmour,0.627,0.999
2022-01-26T06:14:22.599482,2022-01-18,Macron-Le Pen,0.564,0.884
2022-01-26T06:14:22.599482,2022-01-18,Macron-Pécresse,0.5379999999999999,0.739
2022-01-26T06:14:22.599482,2022-01-18,Macron-Zemmour,0.627,0.9955
2022-01-26T12:17:48.541020,2022-01-18,Macron-Le Pen,0.564,0.886
2022-01-26T12:17:48.541020,2022-01-18,Macron-Pécresse,0.5379999999999999,0.7385
2022-01-26T12:17:48.541020,2022-01-18,Macron-Zemmour,0.627,0.9965
2022-01-26T18:13:58.569291,2022-01-18,Macron-Le Pen,0.564,0.873
2022-01-26T18:13:58.569291,2022-01-18,Macron-Pécresse,0.5379999999999999,0.764
2022-01-26T18:13:58.569291,2022-01-18,Macron-Zemmour,0.627,0.997
2022-01-27T00:40:51.578206,2022-01-18,Macron-Le Pen,0.564,0.8885
2022-01-27T00:40:51.578206,2022-01-18,Macron-Pécresse,0.5379999999999999,0.7375
2022-01-27T00:40:51.578206,2022-01-18,Macron-Zemmour,0.627,0.997
2022-01-27T06:14:09.330990,2022-01-18,Macron-Le Pen,0.564,0.881
2022-01-27T06:14:09.330990,2022-01-18,Macron-Pécresse,0.5379999999999999,0.7375
2022-01-27T06:14:09.330990,2022-01-18,Macron-Zemmour,0.627,0.9965
2022-01-27T12:19:04.058410,2022-01-18,Macron-Le Pen,0.564,0.877
2022-01-27T12:19:04.058410,2022-01-18,Macron-Pécresse,0.5379999999999999,0.7455
2022-01-27T12:19:04.058410,2022-01-18,Macron-Zemmour,0.627,0.9965
2022-01-27T18:14:21.353007,2022-01-18,Macron-Le Pen,0.564,0.8705
2022-01-27T18:14:21.353007,2022-01-18,Macron-Pécresse,0.5379999999999999,0.7525
2022-01-27T18:14:21.353007,2022-01-18,Macron-Zemmour,0.627,0.998
2022-01-28T00:40:53.417568,2022-01-18,Macron-Le Pen,0.564,0.883
2022-01-28T00:40:53.417568,2022-01-18,Macron-Pécresse,0.5379999999999999,0.745
2022-01-28T00:40:53.417568,2022-01-18,Macron-Zemmour,0.627,0.997
2022-01-28T06:14:12.668772,2022-01-18,Macron-Le Pen,0.564,0.8785
2022-01-28T06:14:12.668772,2022-01-18,Macron-Pécresse,0.5379999999999999,0.742
2022-01-28T06:14:12.668772,2022-01-18,Macron-Zemmour,0.627,0.9955
2022-01-28T12:20:42.752683,2022-01-18,Macron-Le Pen,0.564,0.888
2022-01-28T12:20:42.752683,2022-01-18,Macron-Pécresse,0.5379999999999999,0.7585
2022-01-28T12:20:42.752683,2022-01-18,Macron-Zemmour,0.627,0.9985
2022-01-28T18:13:46.348834,2022-01-18,Macron-Le Pen,0.564,0.8715
2022-01-28T18:13:46.348834,2022-01-18,Macron-Pécresse,0.5379999999999999,0.7555
2022-01-28T18:13:46.348834,2022-01-18,Macron-Zemmour,0.627,0.996
2022-01-29T00:38:09.584383,2022-01-18,Macron-Le Pen,0.564,0.867
2022-01-29T00:38:09.584383,2022-01-18,Macron-Pécresse,0.5379999999999999,0.7475
2022-01-29T00:38:09.584383,2022-01-18,Macron-Zemmour,0.627,0.997
2022-01-29T06:13:59.783239,2022-01-18,Macron-Le Pen,0.564,0.8775
2022-01-29T06:13:59.783239,2022-01-18,Macron-Pécresse,0.5379999999999999,0.74
2022-01-29T06:13:59.783239,2022-01-18,Macron-Zemmour,0.627,0.9955
2022-01-29T12:17:02.881978,2022-01-18,Macron-Le Pen,0.564,0.8835
2022-01-29T12:17:02.881978,2022-01-18,Macron-Pécresse,0.5379999999999999,0.737
2022-01-29T12:17:02.881978,2022-01-18,Macron-Zemmour,0.627,0.998
2022-01-29T18:17:16.400364,2022-01-18,Macron-Le Pen,0.564,0.8865
2022-01-29T18:17:16.400364,2022-01-18,Macron-Pécresse,0.5379999999999999,0.744
2022-01-29T18:17:16.400364,2022-01-18,Macron-Zemmour,0.627,0.999
2022-01-30T00:41:14.568397,2022-01-18,Macron-Le Pen,0.564,0.8875
2022-01-30T00:41:14.568397,2022-01-18,Macron-Pécresse,0.5379999999999999,0.7245
2022-01-30T00:41:14.568397,2022-01-18,Macron-Zemmour,0.627,0.9975
2022-01-30T06:13:18.352262,2022-01-18,Macron-Le Pen,0.564,0.8935
2022-01-30T06:13:18.352262,2022-01-18,Macron-Pécresse,0.5379999999999999,0.7475
2022-01-30T06:13:18.352262,2022-01-18,Macron-Zemmour,0.627,0.9975
2022-01-30T12:17:02.879091,2022-01-18,Macron-Le Pen,0.564,0.871
2022-01-30T12:17:02.879091,2022-01-18,Macron-Pécresse,0.5379999999999999,0.7495
2022-01-30T12:17:02.879091,2022-01-18,Macron-Zemmour,0.627,0.9965
2022-01-30T18:12:32.626112,2022-01-18,Macron-Le Pen,0.564,0.8835
2022-01-30T18:12:32.626112,2022-01-18,Macron-Pécresse,0.5379999999999999,0.7455
2022-01-30T18:12:32.626112,2022-01-18,Macron-Zemmour,0.627,0.998
2022-01-31T00:40:25.860999,2022-01-18,Macron-Le Pen,0.564,0.8715
2022-01-31T00:40:25.860999,2022-01-18,Macron-Pécresse,0.5379999999999999,0.7475
2022-01-31T00:40:25.860999,2022-01-18,Macron-Zemmour,0.627,0.996
2022-01-31T06:14:13.375012,2022-01-18,Macron-Le Pen,0.564,0.88
2022-01-31T06:14:13.375012,2022-01-18,Macron-Pécresse,0.5379999999999999,0.7485
2022-01-31T06:14:13.375012,2022-01-18,Macron-Zemmour,0.627,0.997
2022-01-31T12:17:59.520596,2022-01-18,Macron-Le Pen,0.563,0.884
2022-01-31T12:17:59.520596,2022-01-18,Macron-Pécresse,0.536,0.704
2022-01-31T12:17:59.520596,2022-01-18,Macron-Zemmour,0.628,0.999
2022-01-31T18:13:27.086786,2022-01-18,Macron-Le Pen,0.563,0.8735
2022-01-31T18:13:27.086786,2022-01-18,Macron-Pécresse,0.536,0.756
2022-01-31T18:13:27.086786,2022-01-18,Macron-Zemmour,0.628,0.9965
2022-02-01T00:42:47.306496,2022-01-18,Macron-Le Pen,0.563,0.88
2022-02-01T00:42:47.306496,2022-01-18,Macron-Pécresse,0.536,0.7295
2022-02-01T00:42:47.306496,2022-01-18,Macron-Zemmour,0.628,0.997
2022-02-01T06:14:20.721198,2022-01-18,Macron-Le Pen,0.563,0.873
2022-02-01T06:14:20.721198,2022-01-18,Macron-Pécresse,0.536,0.7395
2022-02-01T06:14:20.721198,2022-01-18,Macron-Zemmour,0.628,0.998
2022-02-01T12:19:06.135888,2022-01-18,Macron-Le Pen,0.563,0.8855
2022-02-01T12:19:06.135888,2022-01-18,Macron-Pécresse,0.536,0.733
2022-02-01T12:19:06.135888,2022-01-18,Macron-Zemmour,0.628,0.998
2022-02-01T18:14:28.903721,2022-01-18,Macron-Le Pen,0.563,0.8755
2022-02-01T18:14:28.903721,2022-01-18,Macron-Pécresse,0.536,0.7395
2022-02-01T18:14:28.903721,2022-01-18,Macron-Zemmour,0.628,0.9985
2022-02-02T00:42:56.756324,2022-01-18,Macron-Le Pen,0.563,0.8775
2022-02-02T00:42:56.756324,2022-01-18,Macron-Pécresse,0.536,0.7445
2022-02-02T00:42:56.756324,2022-01-18,Macron-Zemmour,0.628,0.997
2022-02-02T06:14:13.279633,2022-01-18,Macron-Le Pen,0.563,0.8905
2022-02-02T06:14:13.279633,2022-01-18,Macron-Pécresse,0.536,0.7255
2022-02-02T06:14:13.279633,2022-01-18,Macron-Zemmour,0.628,0.998
2022-02-02T12:18:00.291831,2022-01-18,Macron-Le Pen,0.563,0.882
2022-02-02T12:18:00.291831,2022-01-18,Macron-Pécresse,0.536,0.7495
2022-02-02T12:18:00.291831,2022-01-18,Macron-Zemmour,0.628,0.9975
2022-02-02T18:13:27.463811,2022-01-18,Macron-Le Pen,0.563,0.864
2022-02-02T18:13:27.463811,2022-01-18,Macron-Pécresse,0.536,0.715
2022-02-02T18:13:27.463811,2022-01-18,Macron-Zemmour,0.628,0.998
2022-02-03T00:40:24.147224,2022-01-18,Macron-Le Pen,0.563,0.871
2022-02-03T00:40:24.147224,2022-01-18,Macron-Pécresse,0.536,0.7445
2022-02-03T00:40:24.147224,2022-01-18,Macron-Zemmour,0.628,0.9955
2022-02-03T06:14:22.336140,2022-01-18,Macron-Le Pen,0.563,0.8805
2022-02-03T06:14:22.336140,2022-01-18,Macron-Pécresse,0.536,0.7265
2022-02-03T06:14:22.336140,2022-01-18,Macron-Zemmour,0.628,0.9975
2022-02-03T12:18:02.777979,2022-01-18,Macron-Le Pen,0.563,0.8835
2022-02-03T12:18:02.777979,2022-01-18,Macron-Pécresse,0.536,0.745
2022-02-03T12:18:02.777979,2022-01-18,Macron-Zemmour,0.628,0.997
2022-02-03T18:13:59.026647,2022-01-18,Macron-Le Pen,0.563,0.869
2022-02-03T18:13:59.026647,2022-01-18,Macron-Pécresse,0.536,0.736
2022-02-03T18:13:59.026647,2022-01-18,Macron-Zemmour,0.628,0.9985
2022-02-04T00:42:05.847900,2022-01-18,Macron-Le Pen,0.563,0.874
2022-02-04T00:42:05.847900,2022-01-18,Macron-Pécresse,0.536,0.7355
2022-02-04T00:42:05.847900,2022-01-18,Macron-Zemmour,0.628,0.9985
2022-02-04T06:11:43.136290,2022-01-18,Macron-Le Pen,0.563,0.8915
2022-02-04T06:11:43.136290,2022-01-18,Macron-Pécresse,0.536,0.7415
2022-02-04T06:11:43.136290,2022-01-18,Macron-Zemmour,0.628,0.997
2022-02-04T12:17:03.504430,2022-01-18,Macron-Le Pen,0.563,0.868
2022-02-04T12:17:03.504430,2022-01-18,Macron-Pécresse,0.536,0.7375
2022-02-04T12:17:03.504430,2022-01-18,Macron-Zemmour,0.628,0.9995
2022-02-04T18:11:33.061165,2022-01-18,Macron-Le Pen,0.563,0.8795
2022-02-04T18:11:33.061165,2022-01-18,Macron-Pécresse,0.536,0.713
2022-02-04T18:11:33.061165,2022-01-18,Macron-Zemmour,0.628,0.998
2022-02-05T00:35:58.161155,2022-01-18,Macron-Le Pen,0.563,0.8925
2022-02-05T00:35:58.161155,2022-01-18,Macron-Pécresse,0.536,0.7455
2022-02-05T00:35:58.161155,2022-01-18,Macron-Zemmour,0.628,0.9975
2022-02-05T06:11:33.458439,2022-01-18,Macron-Le Pen,0.563,0.873
2022-02-05T06:11:33.458439,2022-01-18,Macron-Pécresse,0.536,0.7495
2022-02-05T06:11:33.458439,2022-01-18,Macron-Zemmour,0.628,0.999
2022-02-05T12:13:52.742192,2022-01-18,Macron-Le Pen,0.563,0.8815
2022-02-05T12:13:52.742192,2022-01-18,Macron-Pécresse,0.536,0.7245
2022-02-05T12:13:52.742192,2022-01-18,Macron-Zemmour,0.628,0.999
2022-02-05T18:11:06.830183,2022-02-05,Macron-Le Pen,0.5595,0.858
2022-02-05T18:11:06.830183,2022-02-05,Macron-Pécresse,0.5345,0.746
2022-02-05T18:11:06.830183,2022-02-05,Macron-Zemmour,0.6214999999999999,0.9955
2022-02-06T00:51:40.274096,2022-02-05,Macron-Le Pen,0.5595,0.8695
2022-02-06T00:51:40.274096,2022-02-05,Macron-Pécresse,0.5345,0.743
2022-02-06T00:51:40.274096,2022-02-05,Macron-Zemmour,0.6214999999999999,0.9955
2022-02-06T06:13:38.225331,2022-02-05,Macron-Le Pen,0.5595,0.869
2022-02-06T06:13:38.225331,2022-02-05,Macron-Pécresse,0.5345,0.7345
2022-02-06T06:13:38.225331,2022-02-05,Macron-Zemmour,0.6214999999999999,0.996
2022-02-06T12:17:23.058174,2022-02-05,Macron-Le Pen,0.5595,0.8645
2022-02-06T12:17:23.058174,2022-02-05,Macron-Pécresse,0.5345,0.7055
2022-02-06T12:17:23.058174,2022-02-05,Macron-Zemmour,0.6214999999999999,0.996
2022-02-06T18:12:43.558099,2022-02-05,Macron-Le Pen,0.5595,0.8735
2022-02-06T18:12:43.558099,2022-02-05,Macron-Pécresse,0.5345,0.727
2022-02-06T18:12:43.558099,2022-02-05,Macron-Zemmour,0.6214999999999999,0.9965
2022-02-07T00:42:01.173430,2022-02-05,Macron-Le Pen,0.5595,0.8815
2022-02-07T00:42:01.173430,2022-02-05,Macron-Pécresse,0.5345,0.7175
2022-02-07T00:42:01.173430,2022-02-05,Macron-Zemmour,0.6214999999999999,0.9985
2022-02-07T06:14:38.838581,2022-02-05,Macron-Le Pen,0.5595,0.8625
2022-02-07T06:14:38.838581,2022-02-05,Macron-Pécresse,0.5345,0.742
2022-02-07T06:14:38.838581,2022-02-05,Macron-Zemmour,0.6214999999999999,0.997
2022-02-07T12:22:48.384401,2022-02-05,Macron-Le Pen,0.5595,0.8675
2022-02-07T12:22:48.384401,2022-02-05,Macron-Pécresse,0.5345,0.7355
2022-02-07T12:22:48.384401,2022-02-05,Macron-Zemmour,0.6214999999999999,0.9965
2022-02-07T18:13:29.336256,2022-02-05,Macron-Le Pen,0.5595,0.8735
2022-02-07T18:13:29.336256,2022-02-05,Macron-Pécresse,0.5345,0.7375
2022-02-07T18:13:29.336256,2022-02-05,Macron-Zemmour,0.6214999999999999,0.9985
2022-02-08T00:43:07.907752,2022-02-05,Macron-Le Pen,0.5595,0.8475
2022-02-08T00:43:07.907752,2022-02-05,Macron-Pécresse,0.5345,0.7275
2022-02-08T00:43:07.907752,2022-02-05,Macron-Zemmour,0.6214999999999999,0.998
2022-02-08T06:14:39.379514,2022-02-05,Macron-Le Pen,0.5595,0.869
2022-02-08T06:14:39.379514,2022-02-05,Macron-Pécresse,0.5345,0.742
2022-02-08T06:14:39.379514,2022-02-05,Macron-Zemmour,0.6214999999999999,0.994
2022-02-08T12:22:50.441455,2022-02-05,Macron-Le Pen,0.5595,0.8665
2022-02-08T12:22:50.441455,2022-02-05,Macron-Pécresse,0.5345,0.737
2022-02-08T12:22:50.441455,2022-02-05,Macron-Zemmour,0.6214999999999999,0.995
2022-02-08T18:12:44.706161,2022-02-05,Macron-Le Pen,0.5595,0.871
2022-02-08T18:12:44.706161,2022-02-05,Macron-Pécresse,0.5345,0.7305
2022-02-08T18:12:44.706161,2022-02-05,Macron-Zemmour,0.6214999999999999,0.996
2022-02-09T00:44:56.266008,2022-02-05,Macron-Le Pen,0.5595,0.8715
2022-02-09T00:44:56.266008,2022-02-05,Macron-Pécresse,0.5345,0.7485
2022-02-09T00:44:56.266008,2022-02-05,Macron-Zemmour,0.6214999999999999,0.9975
2022-02-09T06:14:22.573175,2022-02-05,Macron-Le Pen,0.5595,0.8435
2022-02-09T06:14:22.573175,2022-02-05,Macron-Pécresse,0.5345,0.725
2022-02-09T06:14:22.573175,2022-02-05,Macron-Zemmour,0.6214999999999999,0.995
2022-02-09T12:18:45.556081,2022-02-05,Macron-Le Pen,0.5595,0.881
2022-02-09T12:18:45.556081,2022-02-05,Macron-Pécresse,0.5345,0.746
2022-02-09T12:18:45.556081,2022-02-05,Macron-Zemmour,0.6214999999999999,0.996
2022-02-09T18:13:35.462107,2022-02-05,Macron-Le Pen,0.5595,0.8715
2022-02-09T18:13:35.462107,2022-02-05,Macron-Pécresse,0.5345,0.7225
2022-02-09T18:13:35.462107,2022-02-05,Macron-Zemmour,0.6214999999999999,0.9955
2022-02-10T00:44:09.624187,2022-02-05,Macron-Le Pen,0.5595,0.8765
2022-02-10T00:44:09.624187,2022-02-05,Macron-Pécresse,0.5345,0.7305
2022-02-10T00:44:09.624187,2022-02-05,Macron-Zemmour,0.6214999999999999,0.997
2022-02-10T06:14:05.785290,2022-02-05,Macron-Le Pen,0.5595,0.863
2022-02-10T06:14:05.785290,2022-02-05,Macron-Pécresse,0.5345,0.7425
2022-02-10T06:14:05.785290,2022-02-05,Macron-Zemmour,0.6214999999999999,0.998
2022-02-10T12:18:22.815131,2022-02-05,Macron-Le Pen,0.5595,0.869
2022-02-10T12:18:22.815131,2022-02-05,Macron-Pécresse,0.5345,0.717
2022-02-10T12:18:22.815131,2022-02-05,Macron-Zemmour,0.6214999999999999,0.9965
2022-02-10T18:13:15.053278,2022-02-05,Macron-Le Pen,0.5595,0.8685
2022-02-10T18:13:15.053278,2022-02-05,Macron-Pécresse,0.5345,0.739
2022-02-10T18:13:15.053278,2022-02-05,Macron-Zemmour,0.6214999999999999,0.995
2022-02-11T00:47:44.466031,2022-02-05,Macron-Le Pen,0.5595,0.878
2022-02-11T00:47:44.466031,2022-02-05,Macron-Pécresse,0.5345,0.7405
2022-02-11T00:47:44.466031,2022-02-05,Macron-Zemmour,0.6214999999999999,0.997
2022-02-11T06:15:17.833546,2022-02-05,Macron-Le Pen,0.5595,0.868
2022-02-11T06:15:17.833546,2022-02-05,Macron-Pécresse,0.5345,0.726
2022-02-11T06:15:17.833546,2022-02-05,Macron-Zemmour,0.6214999999999999,0.9955
2022-02-11T12:17:31.735733,2022-02-05,Macron-Le Pen,0.5595,0.8695
2022-02-11T12:17:31.735733,2022-02-05,Macron-Pécresse,0.5345,0.736
2022-02-11T12:17:31.735733,2022-02-05,Macron-Zemmour,0.6214999999999999,0.996
2022-02-11T18:13:33.414778,2022-02-05,Macron-Le Pen,0.5595,0.872
2022-02-11T18:13:33.414778,2022-02-05,Macron-Pécresse,0.5345,0.7125
2022-02-11T18:13:33.414778,2022-02-05,Macron-Zemmour,0.6214999999999999,0.9965
2022-02-12T00:45:56.993661,2022-02-12,Macron-Le Pen,0.5595,0.869
2022-02-12T00:45:56.993661,2022-02-12,Macron-Pécresse,0.5405,0.761
2022-02-12T00:45:56.993661,2022-02-12,Macron-Zemmour,0.621,0.9965
2022-02-12T06:13:46.234870,2022-02-12,Macron-Le Pen,0.5595,0.87
2022-02-12T06:13:46.234870,2022-02-12,Macron-Pécresse,0.5405,0.7685
2022-02-12T06:13:46.234870,2022-02-12,Macron-Zemmour,0.621,0.995
2022-02-12T12:17:25.714215,2022-02-12,Macron-Le Pen,0.5595,0.871
2022-02-12T12:17:25.714215,2022-02-12,Macron-Pécresse,0.5405,0.7805
2022-02-12T12:17:25.714215,2022-02-12,Macron-Zemmour,0.621,0.997
2022-02-12T18:13:21.333536,2022-02-12,Macron-Le Pen,0.5595,0.878
2022-02-12T18:13:21.333536,2022-02-12,Macron-Pécresse,0.5405,0.761
2022-02-12T18:13:21.333536,2022-02-12,Macron-Zemmour,0.621,0.997
2022-02-13T00:46:21.210911,2022-02-12,Macron-Le Pen,0.5595,0.879
2022-02-13T00:46:21.210911,2022-02-12,Macron-Pécresse,0.5405,0.777
2022-02-13T00:46:21.210911,2022-02-12,Macron-Zemmour,0.621,0.9975
2022-02-13T06:13:19.746447,2022-02-12,Macron-Le Pen,0.5595,0.8725
2022-02-13T06:13:19.746447,2022-02-12,Macron-Pécresse,0.5405,0.765
2022-02-13T06:13:19.746447,2022-02-12,Macron-Zemmour,0.621,0.9985
2022-02-13T12:17:06.580783,2022-02-12,Macron-Le Pen,0.5595,0.87
2022-02-13T12:17:06.580783,2022-02-12,Macron-Pécresse,0.5405,0.747
2022-02-13T12:17:06.580783,2022-02-12,Macron-Zemmour,0.621,0.998
2022-02-13T18:13:04.788695,2022-02-12,Macron-Le Pen,0.5595,0.8735
2022-02-13T18:13:04.788695,2022-02-12,Macron-Pécresse,0.5405,0.764
2022-02-13T18:13:04.788695,2022-02-12,Macron-Zemmour,0.621,0.9985
2022-02-14T00:41:37.122717,2022-02-12,Macron-Le Pen,0.5595,0.883
2022-02-14T00:41:37.122717,2022-02-12,Macron-Pécresse,0.5405,0.767
2022-02-14T00:41:37.122717,2022-02-12,Macron-Zemmour,0.621,0.9975
2022-02-14T06:14:38.310817,2022-02-12,Macron-Le Pen,0.5595,0.8625
2022-02-14T06:14:38.310817,2022-02-12,Macron-Pécresse,0.5405,0.771
2022-02-14T06:14:38.310817,2022-02-12,Macron-Zemmour,0.621,0.9965
2022-02-14T12:18:45.254891,2022-02-12,Macron-Le Pen,0.5595,0.889
2022-02-14T12:18:45.254891,2022-02-12,Macron-Pécresse,0.5405,0.7895
2022-02-14T12:18:45.254891,2022-02-12,Macron-Zemmour,0.621,0.9965
2022-02-14T18:13:39.183510,2022-02-12,Macron-Le Pen,0.552,0.8325
2022-02-14T18:13:39.183510,2022-02-12,Macron-Pécresse,0.5405,0.76
2022-02-14T18:13:39.183510,2022-02-12,Macron-Zemmour,0.621,0.998
2022-02-15T00:49:51.098761,2022-02-12,Macron-Le Pen,0.552,0.833
2022-02-15T00:49:51.098761,2022-02-12,Macron-Pécresse,0.5405,0.771
2022-02-15T00:49:51.098761,2022-02-12,Macron-Zemmour,0.621,0.995
2022-02-15T06:14:32.083567,2022-02-12,Macron-Le Pen,0.552,0.839
2022-02-15T06:14:32.083567,2022-02-12,Macron-Pécresse,0.5405,0.7705
2022-02-15T06:14:32.083567,2022-02-12,Macron-Zemmour,0.621,0.9965
2022-02-15T12:19:07.957308,2022-02-12,Macron-Le Pen,0.552,0.8305
2022-02-15T12:19:07.957308,2022-02-12,Macron-Pécresse,0.5405,0.7665
2022-02-15T12:19:07.957308,2022-02-12,Macron-Zemmour,0.621,0.9975
2022-02-15T18:14:13.269086,2022-02-12,Macron-Le Pen,0.552,0.839
2022-02-15T18:14:13.269086,2022-02-12,Macron-Pécresse,0.5405,0.78
2022-02-15T18:14:13.269086,2022-02-12,Macron-Zemmour,0.621,0.9965
2022-02-16T00:44:13.915215,2022-02-12,Macron-Le Pen,0.552,0.8285
2022-02-16T00:44:13.915215,2022-02-12,Macron-Pécresse,0.5405,0.7705
2022-02-16T00:44:13.915215,2022-02-12,Macron-Zemmour,0.621,0.998
2022-02-16T06:14:39.205880,2022-02-12,Macron-Le Pen,0.552,0.827
2022-02-16T06:14:39.205880,2022-02-12,Macron-Pécresse,0.5405,0.776
2022-02-16T06:14:39.205880,2022-02-12,Macron-Zemmour,0.621,0.999
2022-02-16T12:18:24.095391,2022-02-12,Macron-Le Pen,0.552,0.827
2022-02-16T12:18:24.095391,2022-02-12,Macron-Pécresse,0.5405,0.76
2022-02-16T12:18:24.095391,2022-02-12,Macron-Zemmour,0.621,0.9975
2022-02-16T18:14:19.210037,2022-02-12,Macron-Le Pen,0.552,0.8395
2022-02-16T18:14:19.210037,2022-02-12,Macron-Pécresse,0.5405,0.764
2022-02-16T18:14:19.210037,2022-02-12,Macron-Zemmour,0.621,0.9965
2022-02-17T00:39:58.337606,2022-02-12,Macron-Le Pen,0.552,0.8365
2022-02-17T00:39:58.337606,2022-02-12,Macron-Pécresse,0.5405,0.777
2022-02-17T00:39:58.337606,2022-02-12,Macron-Zemmour,0.621,0.997
2022-02-17T06:15:39.449687,2022-02-12,Macron-Le Pen,0.552,0.84
2022-02-17T06:15:39.449687,2022-02-12,Macron-Pécresse,0.5405,0.7735
2022-02-17T06:15:39.449687,2022-02-12,Macron-Zemmour,0.621,0.997
2022-02-17T12:18:43.242211,2022-02-12,Macron-Le Pen,0.552,0.8365
2022-02-17T12:18:43.242211,2022-02-12,Macron-Pécresse,0.5589999999999999,0.874
2022-02-17T12:18:43.242211,2022-02-12,Macron-Zemmour,0.621,0.995
2022-02-17T18:14:30.036056,2022-02-12,Macron-Le Pen,0.552,0.8455
2022-02-17T18:14:30.036056,2022-02-12,Macron-Pécresse,0.5589999999999999,0.8705
2022-02-17T18:14:30.036056,2022-02-12,Macron-Zemmour,0.621,0.998
2022-02-18T00:49:44.146726,2022-02-12,Macron-Le Pen,0.552,0.843
2022-02-18T00:49:44.146726,2022-02-12,Macron-Pécresse,0.5589999999999999,0.867
2022-02-18T00:49:44.146726,2022-02-12,Macron-Zemmour,0.621,0.995
2022-02-18T06:15:31.718541,2022-02-12,Macron-Le Pen,0.552,0.8375
2022-02-18T06:15:31.718541,2022-02-12,Macron-Pécresse,0.5589999999999999,0.866
2022-02-18T06:15:31.718541,2022-02-12,Macron-Zemmour,0.621,0.998
2022-02-18T12:19:46.242238,2022-02-12,Macron-Le Pen,0.552,0.8425
2022-02-18T12:19:46.242238,2022-02-12,Macron-Pécresse,0.5589999999999999,0.869
2022-02-18T12:19:46.242238,2022-02-12,Macron-Zemmour,0.621,0.9975
2022-02-18T18:14:21.951218,2022-02-12,Macron-Le Pen,0.552,0.8365
2022-02-18T18:14:21.951218,2022-02-12,Macron-Pécresse,0.5589999999999999,0.868
2022-02-18T18:14:21.951218,2022-02-12,Macron-Zemmour,0.621,0.9975
2022-02-19T06:14:31.908294,2022-02-12,Macron-Le Pen,0.552,0.842
2022-02-19T06:14:31.908294,2022-02-12,Macron-Pécresse,0.5589999999999999,0.877
2022-02-19T06:14:31.908294,2022-02-12,Macron-Zemmour,0.621,0.9985
2022-02-19T12:18:20.206789,2022-02-12,Macron-Le Pen,0.552,0.837
2022-02-19T12:18:20.206789,2022-02-12,Macron-Pécresse,0.5589999999999999,0.878
2022-02-19T12:18:20.206789,2022-02-12,Macron-Zemmour,0.621,0.997
2022-02-19T18:13:33.679713,2022-02-19,Macron-Le Pen,0.56,0.8835
2022-02-19T18:13:33.679713,2022-02-19,Macron-Pécresse,0.5529999999999999,0.8425
2022-02-19T18:13:33.679713,2022-02-19,Macron-Zemmour,0.622,0.9975
2022-02-20T00:51:15.958014,2022-02-19,Macron-Le Pen,0.56,0.867
2022-02-20T00:51:15.958014,2022-02-19,Macron-Pécresse,0.5529999999999999,0.8465
2022-02-20T00:51:15.958014,2022-02-19,Macron-Zemmour,0.622,0.999
2022-02-20T06:14:04.000565,2022-02-19,Macron-Le Pen,0.56,0.8785
2022-02-20T06:14:04.000565,2022-02-19,Macron-Pécresse,0.5529999999999999,0.842
2022-02-20T06:14:04.000565,2022-02-19,Macron-Zemmour,0.622,0.998
2022-02-20T12:18:16.050297,2022-02-19,Macron-Le Pen,0.56,0.8795
2022-02-20T12:18:16.050297,2022-02-19,Macron-Pécresse,0.5529999999999999,0.8485
2022-02-20T12:18:16.050297,2022-02-19,Macron-Zemmour,0.622,0.9985
2022-02-20T18:14:01.373183,2022-02-19,Macron-Le Pen,0.56,0.887
2022-02-20T18:14:01.373183,2022-02-19,Macron-Pécresse,0.5529999999999999,0.8345
2022-02-20T18:14:01.373183,2022-02-19,Macron-Zemmour,0.622,0.999
2022-02-21T00:44:29.748835,2022-02-19,Macron-Le Pen,0.56,0.8795
2022-02-21T00:44:29.748835,2022-02-19,Macron-Pécresse,0.5529999999999999,0.848
2022-02-21T00:44:29.748835,2022-02-19,Macron-Zemmour,0.622,0.998
2022-02-21T06:15:49.497333,2022-02-19,Macron-Le Pen,0.56,0.8615
2022-02-21T06:15:49.497333,2022-02-19,Macron-Pécresse,0.5529999999999999,0.844
2022-02-21T06:15:49.497333,2022-02-19,Macron-Zemmour,0.622,0.998
2022-02-21T12:20:28.632265,2022-02-19,Macron-Le Pen,0.56,0.882
2022-02-21T12:20:28.632265,2022-02-19,Macron-Pécresse,0.5529999999999999,0.8525
2022-02-21T12:20:28.632265,2022-02-19,Macron-Zemmour,0.622,0.997
2022-02-21T18:15:51.747295,2022-02-19,Macron-Le Pen,0.56,0.8955
2022-02-21T18:15:51.747295,2022-02-19,Macron-Pécresse,0.5529999999999999,0.8345
2022-02-21T18:15:51.747295,2022-02-19,Macron-Zemmour,0.622,0.999
2022-02-22T00:44:49.250859,2022-02-19,Macron-Le Pen,0.56,0.8805
2022-02-22T00:44:49.250859,2022-02-19,Macron-Pécresse,0.5529999999999999,0.842
2022-02-22T00:44:49.250859,2022-02-19,Macron-Zemmour,0.622,0.998
2022-02-22T06:15:00.808142,2022-02-19,Macron-Le Pen,0.56,0.886
2022-02-22T06:15:00.808142,2022-02-19,Macron-Pécresse,0.5529999999999999,0.8475
2022-02-22T06:15:00.808142,2022-02-19,Macron-Zemmour,0.622,0.997
2022-02-22T12:21:34.985667,2022-02-19,Macron-Le Pen,0.56,0.893
2022-02-22T12:21:34.985667,2022-02-19,Macron-Pécresse,0.5529999999999999,0.8585
2022-02-22T12:21:34.985667,2022-02-19,Macron-Zemmour,0.622,0.999
2022-02-22T18:15:13.778647,2022-02-19,Macron-Le Pen,0.56,0.876
2022-02-22T18:15:13.778647,2022-02-19,Macron-Pécresse,0.5529999999999999,0.8505
2022-02-22T18:15:13.778647,2022-02-19,Macron-Zemmour,0.622,0.9975
2022-02-23T00:51:48.201739,2022-02-19,Macron-Le Pen,0.56,0.8745
2022-02-23T00:51:48.201739,2022-02-19,Macron-Pécresse,0.5529999999999999,0.839
2022-02-23T00:51:48.201739,2022-02-19,Macron-Zemmour,0.622,0.9975
2022-02-23T06:15:13.870484,2022-02-19,Macron-Le Pen,0.56,0.881
2022-02-23T06:15:13.870484,2022-02-19,Macron-Pécresse,0.5529999999999999,0.8445
2022-02-23T06:15:13.870484,2022-02-19,Macron-Zemmour,0.622,0.997
2022-02-23T12:20:42.195950,2022-02-19,Macron-Le Pen,0.56,0.8985
2022-02-23T12:20:42.195950,2022-02-19,Macron-Pécresse,0.5529999999999999,0.833
2022-02-23T12:20:42.195950,2022-02-19,Macron-Zemmour,0.622,0.9965
2022-02-23T18:13:12.104644,2022-02-23,Macron-Le Pen,0.56,0.875
2022-02-23T18:13:12.104644,2022-02-23,Macron-Pécresse,0.5529999999999999,0.869
2022-02-23T18:13:12.104644,2022-02-23,Macron-Zemmour,0.623,0.997
2022-02-24T00:49:48.951610,2022-02-23,Macron-Le Pen,0.56,0.8905
2022-02-24T00:49:48.951610,2022-02-23,Macron-Pécresse,0.5529999999999999,0.851
2022-02-24T00:49:48.951610,2022-02-23,Macron-Zemmour,0.623,0.9995
2022-02-24T06:15:21.464962,2022-02-23,Macron-Le Pen,0.56,0.881
2022-02-24T06:15:21.464962,2022-02-23,Macron-Pécresse,0.5529999999999999,0.845
2022-02-24T06:15:21.464962,2022-02-23,Macron-Zemmour,0.623,0.998
2022-02-24T12:20:33.415477,2022-02-23,Macron-Le Pen,0.56,0.888
2022-02-24T12:20:33.415477,2022-02-23,Macron-Pécresse,0.5529999999999999,0.8485
2022-02-24T12:20:33.415477,2022-02-23,Macron-Zemmour,0.623,0.9975
2022-02-24T18:15:39.602143,2022-02-23,Macron-Le Pen,0.56,0.883
2022-02-24T18:15:39.602143,2022-02-23,Macron-Pécresse,0.5529999999999999,0.845
2022-02-24T18:15:39.602143,2022-02-23,Macron-Zemmour,0.623,0.999
2022-02-25T00:49:45.943618,2022-02-23,Macron-Le Pen,0.56,0.8895
2022-02-25T00:49:45.943618,2022-02-23,Macron-Pécresse,0.5529999999999999,0.854
2022-02-25T00:49:45.943618,2022-02-23,Macron-Zemmour,0.623,0.999
2022-02-25T06:15:14.814654,2022-02-23,Macron-Le Pen,0.56,0.8895
2022-02-25T06:15:14.814654,2022-02-23,Macron-Pécresse,0.5529999999999999,0.858
2022-02-25T06:15:14.814654,2022-02-23,Macron-Zemmour,0.623,0.9985
2022-02-25T12:21:34.623658,2022-02-25,Macron-Le Pen,0.5589999999999999,0.8779
2022-02-25T12:21:34.623658,2022-02-25,Macron-Pécresse,0.562,0.8925
2022-02-25T12:21:34.623658,2022-02-25,Macron-Zemmour,0.63,0.9992
2022-02-25T18:16:31.175711,2022-02-25,Macron-Le Pen,0.5589999999999999,0.8798
2022-02-25T18:16:31.175711,2022-02-25,Macron-Pécresse,0.562,0.8909
2022-02-25T18:16:31.175711,2022-02-25,Macron-Zemmour,0.63,0.9991
2022-02-26T00:45:44.026442,2022-02-25,Macron-Le Pen,0.5589999999999999,0.8858
2022-02-26T00:45:44.026442,2022-02-25,Macron-Pécresse,0.562,0.8944
2022-02-26T00:45:44.026442,2022-02-25,Macron-Zemmour,0.63,0.9991
2022-02-26T06:16:19.134312,2022-02-25,Macron-Le Pen,0.5589999999999999,0.8832
2022-02-26T06:16:19.134312,2022-02-25,Macron-Pécresse,0.562,0.8978
2022-02-26T06:16:19.134312,2022-02-25,Macron-Zemmour,0.63,0.9991
2022-02-26T12:20:06.609322,2022-02-25,Macron-Le Pen,0.5589999999999999,0.8781
2022-02-26T12:20:06.609322,2022-02-25,Macron-Pécresse,0.562,0.8928
2022-02-26T12:20:06.609322,2022-02-25,Macron-Zemmour,0.63,0.9996
2022-02-26T18:15:23.069365,2022-02-25,Macron-Le Pen,0.5589999999999999,0.8851
2022-02-26T18:15:23.069365,2022-02-25,Macron-Pécresse,0.562,0.8954
2022-02-26T18:15:23.069365,2022-02-25,Macron-Zemmour,0.63,0.9989
2022-02-27T00:51:54.338590,2022-02-25,Macron-Le Pen,0.5589999999999999,0.878
2022-02-27T00:51:54.338590,2022-02-25,Macron-Pécresse,0.562,0.8904
2022-02-27T00:51:54.338590,2022-02-25,Macron-Zemmour,0.63,0.9992
2022-02-27T06:16:26.016737,2022-02-25,Macron-Le Pen,0.5589999999999999,0.8801
2022-02-27T06:16:26.016737,2022-02-25,Macron-Pécresse,0.562,0.8874
2022-02-27T06:16:26.016737,2022-02-25,Macron-Zemmour,0.63,0.9993
2022-02-27T12:20:15.332947,2022-02-25,Macron-Le Pen,0.5589999999999999,0.8778
2022-02-27T12:20:15.332947,2022-02-25,Macron-Pécresse,0.562,0.8932
2022-02-27T12:20:15.332947,2022-02-25,Macron-Zemmour,0.63,0.999
2022-02-27T18:15:53.112262,2022-02-25,Macron-Le Pen,0.5589999999999999,0.883
2022-02-27T18:15:53.112262,2022-02-25,Macron-Pécresse,0.562,0.895
2022-02-27T18:15:53.112262,2022-02-25,Macron-Zemmour,0.63,0.9998
2022-02-28T00:50:26.622734,2022-02-25,Macron-Le Pen,0.5589999999999999,0.8805
2022-02-28T00:50:26.622734,2022-02-25,Macron-Pécresse,0.562,0.9022
2022-02-28T00:50:26.622734,2022-02-25,Macron-Zemmour,0.63,0.9991
2022-02-28T06:17:08.924191,2022-02-25,Macron-Le Pen,0.5589999999999999,0.8802
2022-02-28T06:17:08.924191,2022-02-25,Macron-Pécresse,0.562,0.8943
2022-02-28T06:17:08.924191,2022-02-25,Macron-Zemmour,0.63,0.9997
2022-02-28T12:21:58.169396,2022-02-25,Macron-Le Pen,0.5589999999999999,0.8785
2022-02-28T12:21:58.169396,2022-02-25,Macron-Pécresse,0.562,0.8948
2022-02-28T12:21:58.169396,2022-02-25,Macron-Zemmour,0.63,0.9991
2022-02-28T18:16:12.824820,2022-02-25,Macron-Le Pen,0.5589999999999999,0.8776
2022-02-28T18:16:12.824820,2022-02-25,Macron-Pécresse,0.562,0.8926
2022-02-28T18:16:12.824820,2022-02-25,Macron-Zemmour,0.63,0.9996
2022-03-01T00:56:14.721343,2022-02-25,Macron-Le Pen,0.5589999999999999,0.876
2022-03-01T00:56:14.721343,2022-02-25,Macron-Pécresse,0.562,0.8935
2022-03-01T00:56:14.721343,2022-02-25,Macron-Zemmour,0.63,0.999
2022-03-01T06:17:17.485926,2022-02-25,Macron-Le Pen,0.5589999999999999,0.8797
2022-03-01T06:17:17.485926,2022-02-25,Macron-Pécresse,0.562,0.8885
2022-03-01T06:17:17.485926,2022-02-25,Macron-Zemmour,0.63,0.9994
2022-03-01T12:25:09.895172,2022-02-25,Macron-Le Pen,0.5589999999999999,0.8791
2022-03-01T12:25:09.895172,2022-02-25,Macron-Pécresse,0.562,0.8942
2022-03-01T12:25:09.895172,2022-02-25,Macron-Zemmour,0.63,0.9992
2022-03-01T18:15:17.820719,2022-02-25,Macron-Le Pen,0.5589999999999999,0.886
2022-03-01T18:15:17.820719,2022-02-25,Macron-Pécresse,0.562,0.8915
2022-03-01T18:15:17.820719,2022-02-25,Macron-Zemmour,0.63,0.9987
2022-03-02T00:53:15.656246,2022-03-02,Macron-Le Pen,0.5589999999999999,0.8818
2022-03-02T00:53:15.656246,2022-03-02,Macron-Pécresse,0.579,0.9522
2022-03-02T00:53:15.656246,2022-03-02,Macron-Zemmour,0.63,0.9993
2022-03-02T06:18:13.088211,2022-03-02,Macron-Le Pen,0.5589999999999999,0.8804
2022-03-02T06:18:13.088211,2022-03-02,Macron-Pécresse,0.579,0.9539
2022-03-02T06:18:13.088211,2022-03-02,Macron-Zemmour,0.63,0.9993
2022-03-02T12:21:21.210489,2022-03-02,Macron-Le Pen,0.5589999999999999,0.8819
2022-03-02T12:21:21.210489,2022-03-02,Macron-Pécresse,0.579,0.9559
2022-03-02T12:21:21.210489,2022-03-02,Macron-Zemmour,0.63,0.9995
2022-03-02T18:16:21.334607,2022-03-02,Macron-Le Pen,0.5589999999999999,0.8799
2022-03-02T18:16:21.334607,2022-03-02,Macron-Pécresse,0.579,0.9557
2022-03-02T18:16:21.334607,2022-03-02,Macron-Zemmour,0.63,0.9992
2022-03-03T00:54:01.184874,2022-03-02,Macron-Le Pen,0.5589999999999999,0.887
2022-03-03T00:54:01.184874,2022-03-02,Macron-Pécresse,0.579,0.9551
2022-03-03T00:54:01.184874,2022-03-02,Macron-Zemmour,0.63,0.9992
2022-03-03T01:28:43.044861,2022-03-02,Macron-Le Pen,0.5589999999999999,0.882
2022-03-03T01:28:43.044861,2022-03-02,Macron-Pécresse,0.579,0.9582
2022-03-03T01:28:43.044861,2022-03-02,Macron-Zemmour,0.63,0.9991
2022-03-03T06:17:50.333881,2022-03-02,Macron-Le Pen,0.5589999999999999,0.8817
2022-03-03T06:17:50.333881,2022-03-02,Macron-Pécresse,0.579,0.9536
2022-03-03T06:17:50.333881,2022-03-02,Macron-Zemmour,0.63,0.9997
2022-03-03T18:16:19.769006,2022-03-03,Macron-Le Pen,0.5589999999999999,0.8792
2022-03-03T18:16:19.769006,2022-03-03,Macron-Pécresse,0.58,0.9595
2022-03-03T18:16:19.769006,2022-03-03,Macron-Zemmour,0.63,0.9996
2022-03-04T00:58:19.288251,2022-03-03,Macron-Le Pen,0.5589999999999999,0.8811
2022-03-04T00:58:19.288251,2022-03-03,Macron-Pécresse,0.58,0.9544
2022-03-04T00:58:19.288251,2022-03-03,Macron-Zemmour,0.63,0.9993
2022-03-04T06:17:02.342102,2022-03-03,Macron-Le Pen,0.5589999999999999,0.8839
2022-03-04T06:17:02.342102,2022-03-03,Macron-Pécresse,0.58,0.958
2022-03-04T06:17:02.342102,2022-03-03,Macron-Zemmour,0.63,0.9999
2022-03-04T12:22:10.180558,2022-03-03,Macron-Le Pen,0.5589999999999999,0.8805
2022-03-04T12:22:10.180558,2022-03-03,Macron-Pécresse,0.58,0.9568
2022-03-04T12:22:10.180558,2022-03-03,Macron-Zemmour,0.63,0.9992
2022-03-04T18:16:13.744616,2022-03-04,Macron-Le Pen,0.56,0.8893
2022-03-04T18:16:13.744616,2022-03-04,Macron-Pécresse,0.59,0.978
2022-03-04T18:16:13.744616,2022-03-04,Macron-Zemmour,0.632,0.9994
2022-03-05T00:54:05.639840,2022-03-04,Macron-Le Pen,0.56,0.8894
2022-03-05T00:54:05.639840,2022-03-04,Macron-Pécresse,0.59,0.9778
2022-03-05T00:54:05.639840,2022-03-04,Macron-Zemmour,0.632,0.9996
2022-03-05T06:16:30.167820,2022-03-04,Macron-Le Pen,0.56,0.8871
2022-03-05T06:16:30.167820,2022-03-04,Macron-Pécresse,0.59,0.9781
2022-03-05T06:16:30.167820,2022-03-04,Macron-Zemmour,0.632,0.9993
2022-03-05T12:20:08.114115,2022-03-04,Macron-Le Pen,0.56,0.8865
2022-03-05T12:20:08.114115,2022-03-04,Macron-Pécresse,0.59,0.9774
2022-03-05T12:20:08.114115,2022-03-04,Macron-Zemmour,0.632,0.9998
2022-03-05T18:15:44.856864,2022-03-04,Macron-Le Pen,0.56,0.8878
2022-03-05T18:15:44.856864,2022-03-04,Macron-Pécresse,0.59,0.9775
2022-03-05T18:15:44.856864,2022-03-04,Macron-Zemmour,0.632,0.9993
2022-03-06T00:51:27.066584,2022-03-04,Macron-Le Pen,0.56,0.8867
2022-03-06T00:51:27.066584,2022-03-04,Macron-Pécresse,0.59,0.9779
2022-03-06T00:51:27.066584,2022-03-04,Macron-Zemmour,0.632,0.9997
2022-03-06T06:16:43.205236,2022-03-04,Macron-Le Pen,0.56,0.8901
2022-03-06T06:16:43.205236,2022-03-04,Macron-Pécresse,0.59,0.977
2022-03-06T06:16:43.205236,2022-03-04,Macron-Zemmour,0.632,0.9995
2022-03-06T12:20:19.169113,2022-03-04,Macron-Le Pen,0.56,0.8864
2022-03-06T12:20:19.169113,2022-03-04,Macron-Pécresse,0.59,0.9753
2022-03-06T12:20:19.169113,2022-03-04,Macron-Zemmour,0.632,0.9996
2022-03-06T18:15:27.401582,2022-03-04,Macron-Le Pen,0.56,0.8821
2022-03-06T18:15:27.401582,2022-03-04,Macron-Pécresse,0.59,0.9754
2022-03-06T18:15:27.401582,2022-03-04,Macron-Zemmour,0.632,0.9998
2022-03-07T00:51:46.177229,2022-03-04,Macron-Le Pen,0.56,0.8912
2022-03-07T00:51:46.177229,2022-03-04,Macron-Pécresse,0.59,0.9787
2022-03-07T00:51:46.177229,2022-03-04,Macron-Zemmour,0.632,0.9998
2022-03-07T06:17:43.290396,2022-03-04,Macron-Le Pen,0.56,0.8932
2022-03-07T06:17:43.290396,2022-03-04,Macron-Pécresse,0.59,0.9774
2022-03-07T06:17:43.290396,2022-03-04,Macron-Zemmour,0.632,0.9993
2022-03-07T12:22:03.190898,2022-03-04,Macron-Le Pen,0.56,0.8874
2022-03-07T12:22:03.190898,2022-03-04,Macron-Pécresse,0.59,0.9758
2022-03-07T12:22:03.190898,2022-03-04,Macron-Zemmour,0.632,0.9997
2022-03-07T18:16:36.975072,2022-03-04,Macron-Le Pen,0.56,0.891
2022-03-07T18:16:36.975072,2022-03-04,Macron-Pécresse,0.59,0.9774
2022-03-07T18:16:36.975072,2022-03-04,Macron-Zemmour,0.632,0.9992
2022-03-08T00:49:31.048514,2022-03-07,Macron-Le Pen,0.57,0.9341
2022-03-08T00:49:31.048514,2022-03-07,Macron-Pécresse,0.609,0.9953
2022-03-08T00:49:31.048514,2022-03-07,Macron-Zemmour,0.644,1.0
2022-03-08T06:17:16.127216,2022-03-07,Macron-Le Pen,0.57,0.9289
2022-03-08T06:17:16.127216,2022-03-07,Macron-Pécresse,0.609,0.9946
2022-03-08T06:17:16.127216,2022-03-07,Macron-Zemmour,0.644,0.9999
2022-03-08T12:23:03.546367,2022-03-07,Macron-Le Pen,0.57,0.9319
2022-03-08T12:23:03.546367,2022-03-07,Macron-Pécresse,0.609,0.9957
2022-03-08T12:23:03.546367,2022-03-07,Macron-Zemmour,0.644,0.9999
2022-03-08T18:16:28.184293,2022-03-07,Macron-Le Pen,0.57,0.9286
2022-03-08T18:16:28.184293,2022-03-07,Macron-Pécresse,0.609,0.995
2022-03-08T18:16:28.184293,2022-03-07,Macron-Zemmour,0.644,1.0
2022-03-09T00:51:47.365125,2022-03-07,Macron-Le Pen,0.57,0.9277
2022-03-09T00:51:47.365125,2022-03-07,Macron-Pécresse,0.609,0.9958
2022-03-09T00:51:47.365125,2022-03-07,Macron-Zemmour,0.644,1.0
2022-03-09T06:17:05.160391,2022-03-07,Macron-Le Pen,0.57,0.9347
2022-03-09T06:17:05.160391,2022-03-07,Macron-Pécresse,0.609,0.9958
2022-03-09T06:17:05.160391,2022-03-07,Macron-Zemmour,0.644,0.9998
2022-03-09T12:22:29.023928,2022-03-07,Macron-Le Pen,0.57,0.9332
2022-03-09T12:22:29.023928,2022-03-07,Macron-Pécresse,0.609,0.996
2022-03-09T12:22:29.023928,2022-03-07,Macron-Zemmour,0.644,1.0
2022-03-09T18:16:13.183597,2022-03-07,Macron-Le Pen,0.57,0.9309
2022-03-09T18:16:13.183597,2022-03-07,Macron-Pécresse,0.609,0.9942
2022-03-09T18:16:13.183597,2022-03-07,Macron-Zemmour,0.644,0.9999
2022-03-10T00:54:20.229515,2022-03-07,Macron-Le Pen,0.57,0.9322
2022-03-10T00:54:20.229515,2022-03-07,Macron-Pécresse,0.609,0.9947
2022-03-10T00:54:20.229515,2022-03-07,Macron-Zemmour,0.644,1.0
2022-03-10T06:17:06.274843,2022-03-07,Macron-Le Pen,0.57,0.9349
2022-03-10T06:17:06.274843,2022-03-07,Macron-Pécresse,0.609,0.9954
2022-03-10T06:17:06.274843,2022-03-07,Macron-Zemmour,0.644,0.9999
2022-03-10T12:22:36.843954,2022-03-07,Macron-Le Pen,0.57,0.9288
2022-03-10T12:22:36.843954,2022-03-07,Macron-Pécresse,0.609,0.9952
2022-03-10T12:22:36.843954,2022-03-07,Macron-Zemmour,0.644,1.0
2022-03-10T18:16:18.321270,2022-03-07,Macron-Le Pen,0.57,0.9322
2022-03-10T18:16:18.321270,2022-03-07,Macron-Pécresse,0.609,0.996
2022-03-10T18:16:18.321270,2022-03-07,Macron-Zemmour,0.644,1.0
2022-03-11T00:55:36.983156,2022-03-07,Macron-Le Pen,0.57,0.9339
2022-03-11T00:55:36.983156,2022-03-07,Macron-Pécresse,0.609,0.9959
2022-03-11T00:55:36.983156,2022-03-07,Macron-Zemmour,0.644,1.0
2022-03-11T06:17:26.091371,2022-03-07,Macron-Le Pen,0.57,0.9307
2022-03-11T06:17:26.091371,2022-03-07,Macron-Pécresse,0.609,0.9942
2022-03-11T06:17:26.091371,2022-03-07,Macron-Zemmour,0.644,1.0
2022-03-11T10:31:06.193123,2022-03-07,Macron-Le Pen,0.57,0.9284
2022-03-11T10:31:06.193123,2022-03-07,Macron-Pécresse,0.609,0.9949
2022-03-11T10:31:06.193123,2022-03-07,Macron-Zemmour,0.644,0.9997
2022-03-11T12:22:50.076418,2022-03-07,Macron-Le Pen,0.57,0.9325
2022-03-11T12:22:50.076418,2022-03-07,Macron-Pécresse,0.609,0.9948
2022-03-11T12:22:50.076418,2022-03-07,Macron-Zemmour,0.644,0.9999
2022-03-11T18:17:15.695410,2022-03-07,Macron-Le Pen,0.57,0.9332
2022-03-11T18:17:15.695410,2022-03-07,Macron-Pécresse,0.609,0.9956
2022-03-11T18:17:15.695410,2022-03-07,Macron-Zemmour,0.644,0.9999
2022-03-12T00:49:39.118945,2022-03-07,Macron-Le Pen,0.57,0.9326
2022-03-12T00:49:39.118945,2022-03-07,Macron-Pécresse,0.609,0.9957
2022-03-12T00:49:39.118945,2022-03-07,Macron-Zemmour,0.644,1.0
2022-03-12T06:17:47.035101,2022-03-07,Macron-Le Pen,0.57,0.9307
2022-03-12T06:17:47.035101,2022-03-07,Macron-Pécresse,0.609,0.9944
2022-03-12T06:17:47.035101,2022-03-07,Macron-Zemmour,0.644,0.9999
2022-03-12T12:20:57.908206,2022-03-07,Macron-Le Pen,0.57,0.9344
2022-03-12T12:20:57.908206,2022-03-07,Macron-Pécresse,0.609,0.9947
2022-03-12T12:20:57.908206,2022-03-07,Macron-Zemmour,0.644,0.9997
2022-03-12T18:15:33.880543,2022-03-07,Macron-Le Pen,0.57,0.9336
2022-03-12T18:15:33.880543,2022-03-07,Macron-Pécresse,0.609,0.995
2022-03-12T18:15:33.880543,2022-03-07,Macron-Zemmour,0.644,1.0
2022-03-13T00:50:04.218659,2022-03-07,Macron-Le Pen,0.57,0.9316
2022-03-13T00:50:04.218659,2022-03-07,Macron-Pécresse,0.609,0.9944
2022-03-13T00:50:04.218659,2022-03-07,Macron-Zemmour,0.644,0.9999
2022-03-13T06:19:38.457768,2022-03-07,Macron-Le Pen,0.57,0.9284
2022-03-13T06:19:38.457768,2022-03-07,Macron-Pécresse,0.609,0.9968
2022-03-13T06:19:38.457768,2022-03-07,Macron-Zemmour,0.644,1.0
2022-03-13T12:20:51.851722,2022-03-07,Macron-Le Pen,0.57,0.9289
2022-03-13T12:20:51.851722,2022-03-07,Macron-Pécresse,0.609,0.9949
2022-03-13T12:20:51.851722,2022-03-07,Macron-Zemmour,0.644,1.0
2022-03-13T18:16:02.802924,2022-03-07,Macron-Le Pen,0.57,0.9298
2022-03-13T18:16:02.802924,2022-03-07,Macron-Pécresse,0.609,0.9958
2022-03-13T18:16:02.802924,2022-03-07,Macron-Zemmour,0.644,1.0
2022-03-14T00:55:03.839789,2022-03-07,Macron-Le Pen,0.57,0.9308
2022-03-14T00:55:03.839789,2022-03-07,Macron-Pécresse,0.609,0.995
2022-03-14T00:55:03.839789,2022-03-07,Macron-Zemmour,0.644,0.9999
2022-03-14T06:17:32.729281,2022-03-07,Macron-Le Pen,0.57,0.9336
2022-03-14T06:17:32.729281,2022-03-07,Macron-Pécresse,0.609,0.9961
2022-03-14T06:17:32.729281,2022-03-07,Macron-Zemmour,0.644,0.9998
2022-03-14T12:22:06.692026,2022-03-07,Macron-Le Pen,0.57,0.9288
2022-03-14T12:22:06.692026,2022-03-07,Macron-Pécresse,0.609,0.9952
2022-03-14T12:22:06.692026,2022-03-07,Macron-Zemmour,0.644,1.0
2022-03-14T18:16:55.239689,2022-03-07,Macron-Le Pen,0.57,0.9322
2022-03-14T18:16:55.239689,2022-03-07,Macron-Pécresse,0.609,0.995
2022-03-14T18:16:55.239689,2022-03-07,Macron-Zemmour,0.644,1.0
2022-03-15T00:54:49.606239,2022-03-07,Macron-Le Pen,0.57,0.9275
2022-03-15T00:54:49.606239,2022-03-07,Macron-Pécresse,0.609,0.9952
2022-03-15T00:54:49.606239,2022-03-07,Macron-Zemmour,0.644,1.0
2022-03-15T06:17:17.494053,2022-03-07,Macron-Le Pen,0.57,0.9288
2022-03-15T06:17:17.494053,2022-03-07,Macron-Pécresse,0.609,0.9956
2022-03-15T06:17:17.494053,2022-03-07,Macron-Zemmour,0.644,1.0
2022-03-15T12:23:47.572298,2022-03-07,Macron-Le Pen,0.57,0.9316
2022-03-15T12:23:47.572298,2022-03-07,Macron-Pécresse,0.609,0.9954
2022-03-15T12:23:47.572298,2022-03-07,Macron-Zemmour,0.644,0.9998
2022-03-15T18:17:49.522444,2022-03-07,Macron-Le Pen,0.57,0.9306
2022-03-15T18:17:49.522444,2022-03-07,Macron-Pécresse,0.609,0.9951
2022-03-15T18:17:49.522444,2022-03-07,Macron-Zemmour,0.644,1.0
2022-03-16T00:55:15.924570,2022-03-07,Macron-Le Pen,0.57,0.9358
2022-03-16T00:55:15.924570,2022-03-07,Macron-Pécresse,0.609,0.995
2022-03-16T00:55:15.924570,2022-03-07,Macron-Zemmour,0.644,0.9999
2022-03-16T06:18:05.212206,2022-03-07,Macron-Le Pen,0.57,0.9323
2022-03-16T06:18:05.212206,2022-03-07,Macron-Pécresse,0.609,0.9958
2022-03-16T06:18:05.212206,2022-03-07,Macron-Zemmour,0.644,0.9999
2022-03-16T12:22:31.840657,2022-03-07,Macron-Le Pen,0.57,0.9329
2022-03-16T12:22:31.840657,2022-03-07,Macron-Pécresse,0.609,0.9951
2022-03-16T12:22:31.840657,2022-03-07,Macron-Zemmour,0.644,0.9999
2022-03-16T18:18:02.799273,2022-03-07,Macron-Le Pen,0.57,0.931
2022-03-16T18:18:02.799273,2022-03-07,Macron-Pécresse,0.609,0.9952
2022-03-16T18:18:02.799273,2022-03-07,Macron-Zemmour,0.644,1.0
2022-03-17T00:53:25.984644,2022-03-07,Macron-Le Pen,0.57,0.9361
2022-03-17T00:53:25.984644,2022-03-07,Macron-Pécresse,0.609,0.9945
2022-03-17T00:53:25.984644,2022-03-07,Macron-Zemmour,0.644,0.9999
2022-03-17T06:16:56.686048,2022-03-07,Macron-Le Pen,0.57,0.9277
2022-03-17T06:16:56.686048,2022-03-07,Macron-Pécresse,0.609,0.9952
2022-03-17T06:16:56.686048,2022-03-07,Macron-Zemmour,0.644,0.9997
2022-03-17T12:24:38.008424,2022-03-07,Macron-Le Pen,0.57,0.9288
2022-03-17T12:24:38.008424,2022-03-07,Macron-Pécresse,0.609,0.996
2022-03-17T12:24:38.008424,2022-03-07,Macron-Zemmour,0.644,0.9999
2022-03-17T18:16:45.663442,2022-03-07,Macron-Le Pen,0.57,0.9312
2022-03-17T18:16:45.663442,2022-03-07,Macron-Pécresse,0.609,0.9948
2022-03-17T18:16:45.663442,2022-03-07,Macron-Zemmour,0.644,0.9999
2022-03-18T00:52:31.407289,2022-03-07,Macron-Le Pen,0.57,0.9337
2022-03-18T00:52:31.407289,2022-03-07,Macron-Pécresse,0.609,0.9946
2022-03-18T00:52:31.407289,2022-03-07,Macron-Zemmour,0.644,0.9999
2022-03-18T06:17:05.489123,2022-03-07,Macron-Le Pen,0.57,0.9316
2022-03-18T06:17:05.489123,2022-03-07,Macron-Pécresse,0.609,0.9957
2022-03-18T06:17:05.489123,2022-03-07,Macron-Zemmour,0.644,1.0
2022-03-18T12:22:20.531325,2022-03-07,Macron-Le Pen,0.57,0.9284
2022-03-18T12:22:20.531325,2022-03-07,Macron-Pécresse,0.609,0.9957
2022-03-18T12:22:20.531325,2022-03-07,Macron-Zemmour,0.644,0.9999
2022-03-18T18:17:02.895560,2022-03-07,Macron-Le Pen,0.57,0.9401
2022-03-18T18:17:02.895560,2022-03-07,Macron-Pécresse,0.609,0.994
2022-03-18T18:17:02.895560,2022-03-07,Macron-Zemmour,0.644,0.9999
2022-03-19T00:50:20.348247,2022-03-07,Macron-Le Pen,0.57,0.9354
2022-03-19T00:50:20.348247,2022-03-07,Macron-Pécresse,0.609,0.9966
2022-03-19T00:50:20.348247,2022-03-07,Macron-Zemmour,0.644,0.9998
2022-03-19T06:16:36.242962,2022-03-07,Macron-Le Pen,0.57,0.9301
2022-03-19T06:16:36.242962,2022-03-07,Macron-Pécresse,0.609,0.9951
2022-03-19T06:16:36.242962,2022-03-07,Macron-Zemmour,0.644,1.0
2022-03-19T12:21:36.838317,2022-03-07,Macron-Le Pen,0.57,0.9314
2022-03-19T12:21:36.838317,2022-03-07,Macron-Pécresse,0.609,0.9956
2022-03-19T12:21:36.838317,2022-03-07,Macron-Zemmour,0.644,0.9998
2022-03-19T18:15:47.222853,2022-03-07,Macron-Le Pen,0.57,0.9332
2022-03-19T18:15:47.222853,2022-03-07,Macron-Pécresse,0.609,0.9958
2022-03-19T18:15:47.222853,2022-03-07,Macron-Zemmour,0.644,0.9999
2022-03-20T00:53:01.156633,2022-03-07,Macron-Le Pen,0.57,0.9331
2022-03-20T00:53:01.156633,2022-03-07,Macron-Pécresse,0.609,0.9948
2022-03-20T00:53:01.156633,2022-03-07,Macron-Zemmour,0.644,1.0
2022-03-20T06:16:29.187360,2022-03-07,Macron-Le Pen,0.57,0.9318
2022-03-20T06:16:29.187360,2022-03-07,Macron-Pécresse,0.609,0.9944
2022-03-20T06:16:29.187360,2022-03-07,Macron-Zemmour,0.644,0.9999
2022-03-20T12:20:50.176561,2022-03-07,Macron-Le Pen,0.57,0.9307
2022-03-20T12:20:50.176561,2022-03-07,Macron-Pécresse,0.609,0.9961
2022-03-20T12:20:50.176561,2022-03-07,Macron-Zemmour,0.644,0.9999
2022-03-20T18:16:25.707322,2022-03-07,Macron-Le Pen,0.57,0.9328
2022-03-20T18:16:25.707322,2022-03-07,Macron-Pécresse,0.609,0.9944
2022-03-20T18:16:25.707322,2022-03-07,Macron-Zemmour,0.644,0.9999
2022-03-21T00:53:34.258909,2022-03-07,Macron-Le Pen,0.57,0.9306
2022-03-21T00:53:34.258909,2022-03-07,Macron-Pécresse,0.609,0.9954
2022-03-21T00:53:34.258909,2022-03-07,Macron-Zemmour,0.644,0.9999
2022-03-21T06:18:29.811728,2022-03-07,Macron-Le Pen,0.57,0.9363
2022-03-21T06:18:29.811728,2022-03-07,Macron-Pécresse,0.609,0.9957
2022-03-21T06:18:29.811728,2022-03-07,Macron-Zemmour,0.644,0.9999
2022-03-21T12:22:52.700797,2022-03-07,Macron-Le Pen,0.57,0.931
2022-03-21T12:22:52.700797,2022-03-07,Macron-Pécresse,0.609,0.9949
2022-03-21T12:22:52.700797,2022-03-07,Macron-Zemmour,0.644,1.0
2022-03-21T18:17:52.374246,2022-03-07,Macron-Le Pen,0.57,0.9326
2022-03-21T18:17:52.374246,2022-03-07,Macron-Pécresse,0.609,0.9954
2022-03-21T18:17:52.374246,2022-03-07,Macron-Zemmour,0.644,0.9998
2022-03-22T00:55:09.121088,2022-03-07,Macron-Le Pen,0.57,0.9287
2022-03-22T00:55:09.121088,2022-03-07,Macron-Pécresse,0.609,0.9949
2022-03-22T00:55:09.121088,2022-03-07,Macron-Zemmour,0.644,1.0
2022-03-22T06:16:59.661283,2022-03-07,Macron-Le Pen,0.57,0.931
2022-03-22T06:16:59.661283,2022-03-07,Macron-Pécresse,0.609,0.9956
2022-03-22T06:16:59.661283,2022-03-07,Macron-Zemmour,0.644,1.0
2022-03-22T12:24:13.294368,2022-03-07,Macron-Le Pen,0.57,0.9296
2022-03-22T12:24:13.294368,2022-03-07,Macron-Pécresse,0.609,0.9962
2022-03-22T12:24:13.294368,2022-03-07,Macron-Zemmour,0.644,0.9999
2022-03-22T18:16:44.239416,2022-03-07,Macron-Le Pen,0.57,0.9303
2022-03-22T18:16:44.239416,2022-03-07,Macron-Pécresse,0.609,0.995
2022-03-22T18:16:44.239416,2022-03-07,Macron-Zemmour,0.644,0.9998
2022-03-23T01:01:30.170817,2022-03-07,Macron-Le Pen,0.57,0.9297
2022-03-23T01:01:30.170817,2022-03-07,Macron-Pécresse,0.609,0.9957
2022-03-23T01:01:30.170817,2022-03-07,Macron-Zemmour,0.644,0.9999
2022-03-23T06:17:55.747752,2022-03-07,Macron-Le Pen,0.57,0.9315
2022-03-23T06:17:55.747752,2022-03-07,Macron-Pécresse,0.609,0.9958
2022-03-23T06:17:55.747752,2022-03-07,Macron-Zemmour,0.644,0.9998
2022-03-23T12:23:45.381556,2022-03-07,Macron-Le Pen,0.57,0.9259
2022-03-23T12:23:45.381556,2022-03-07,Macron-Pécresse,0.609,0.9959
2022-03-23T12:23:45.381556,2022-03-07,Macron-Zemmour,0.644,0.9998
2022-03-23T18:17:44.312616,2022-03-07,Macron-Le Pen,0.57,0.9258
2022-03-23T18:17:44.312616,2022-03-07,Macron-Pécresse,0.609,0.9945
2022-03-23T18:17:44.312616,2022-03-07,Macron-Zemmour,0.644,1.0
2022-03-24T00:55:53.326082,2022-03-07,Macron-Le Pen,0.57,0.9307
2022-03-24T00:55:53.326082,2022-03-07,Macron-Pécresse,0.609,0.995
2022-03-24T00:55:53.326082,2022-03-07,Macron-Zemmour,0.644,1.0
2022-03-24T06:18:47.276516,2022-03-07,Macron-Le Pen,0.57,0.9307
2022-03-24T06:18:47.276516,2022-03-07,Macron-Pécresse,0.609,0.996
2022-03-24T06:18:47.276516,2022-03-07,Macron-Zemmour,0.644,1.0
2022-03-24T12:23:59.922527,2022-03-07,Macron-Le Pen,0.57,0.9298
2022-03-24T12:23:59.922527,2022-03-07,Macron-Pécresse,0.609,0.9944
2022-03-24T12:23:59.922527,2022-03-07,Macron-Zemmour,0.644,0.9999
2022-03-24T18:17:13.455638,2022-03-07,Macron-Le Pen,0.57,0.9291
2022-03-24T18:17:13.455638,2022-03-07,Macron-Pécresse,0.609,0.9958
2022-03-24T18:17:13.455638,2022-03-07,Macron-Zemmour,0.644,1.0
2022-03-25T00:54:56.288974,2022-03-07,Macron-Le Pen,0.57,0.9348
2022-03-25T00:54:56.288974,2022-03-07,Macron-Pécresse,0.609,0.9942
2022-03-25T00:54:56.288974,2022-03-07,Macron-Zemmour,0.644,0.9999
2022-03-25T06:17:53.522917,2022-03-07,Macron-Le Pen,0.57,0.9323
2022-03-25T06:17:53.522917,2022-03-07,Macron-Pécresse,0.609,0.9955
2022-03-25T06:17:53.522917,2022-03-07,Macron-Zemmour,0.644,0.9999
2022-03-25T12:46:21.802151,2022-03-07,Macron-Le Pen,0.57,0.9336
2022-03-25T12:46:21.802151,2022-03-07,Macron-Pécresse,0.609,0.995
2022-03-25T12:46:21.802151,2022-03-07,Macron-Zemmour,0.644,0.9997
2022-03-25T18:17:37.147737,2022-03-07,Macron-Le Pen,0.57,0.9323
2022-03-25T18:17:37.147737,2022-03-07,Macron-Pécresse,0.609,0.9961
2022-03-25T18:17:37.147737,2022-03-07,Macron-Zemmour,0.644,1.0
2022-03-26T00:53:36.877810,2022-03-07,Macron-Le Pen,0.57,0.9286
2022-03-26T00:53:36.877810,2022-03-07,Macron-Pécresse,0.609,0.9961
2022-03-26T00:53:36.877810,2022-03-07,Macron-Zemmour,0.644,0.9998
2022-03-26T06:16:57.861926,2022-03-07,Macron-Le Pen,0.57,0.9306
2022-03-26T06:16:57.861926,2022-03-07,Macron-Pécresse,0.609,0.9943
2022-03-26T06:16:57.861926,2022-03-07,Macron-Zemmour,0.644,0.9998
2022-03-26T12:21:41.814156,2022-03-07,Macron-Le Pen,0.57,0.9341
2022-03-26T12:21:41.814156,2022-03-07,Macron-Pécresse,0.609,0.9941
2022-03-26T12:21:41.814156,2022-03-07,Macron-Zemmour,0.644,0.9999
2022-03-26T18:16:31.361999,2022-03-07,Macron-Le Pen,0.57,0.9277
2022-03-26T18:16:31.361999,2022-03-07,Macron-Pécresse,0.609,0.9953
2022-03-26T18:16:31.361999,2022-03-07,Macron-Zemmour,0.644,1.0
2022-03-27T00:58:41.189802,2022-03-07,Macron-Le Pen,0.57,0.9306
2022-03-27T00:58:41.189802,2022-03-07,Macron-Pécresse,0.609,0.9951
2022-03-27T00:58:41.189802,2022-03-07,Macron-Zemmour,0.644,0.9999
2022-03-27T06:17:49.594183,2022-03-07,Macron-Le Pen,0.57,0.9329
2022-03-27T06:17:49.594183,2022-03-07,Macron-Pécresse,0.609,0.9946
2022-03-27T06:17:49.594183,2022-03-07,Macron-Zemmour,0.644,1.0
2022-03-27T12:22:16.618683,2022-03-07,Macron-Le Pen,0.57,0.9318
2022-03-27T12:22:16.618683,2022-03-07,Macron-Pécresse,0.609,0.995
2022-03-27T12:22:16.618683,2022-03-07,Macron-Zemmour,0.644,0.9999
2022-03-27T18:17:08.993774,2022-04-17,Macron-Le Pen,0.537,0.839
2022-03-27T18:17:08.993774,2022-04-17,Macron-Pécresse,0.609,0.9998
2022-03-27T18:17:08.993774,2022-04-17,Macron-Zemmour,0.644,1.0
2022-03-28T00:59:18.041053,2022-04-17,Macron-Le Pen,0.537,0.8366
2022-03-28T00:59:18.041053,2022-04-17,Macron-Pécresse,0.609,0.9999
2022-03-28T00:59:18.041053,2022-04-17,Macron-Zemmour,0.644,1.0
2022-03-28T06:18:24.771804,2022-04-17,Macron-Le Pen,0.537,0.836
2022-03-28T06:18:24.771804,2022-04-17,Macron-Pécresse,0.609,0.9998
2022-03-28T06:18:24.771804,2022-04-17,Macron-Zemmour,0.644,1.0
2022-03-28T12:23:43.996221,2022-04-17,Macron-Le Pen,0.537,0.8423
2022-03-28T12:23:43.996221,2022-04-17,Macron-Pécresse,0.609,0.9999
2022-03-28T12:23:43.996221,2022-04-17,Macron-Zemmour,0.644,1.0
2022-03-28T18:17:16.648544,2022-04-17,Macron-Le Pen,0.537,0.8433
2022-03-28T18:17:16.648544,2022-04-17,Macron-Pécresse,0.609,0.9998
2022-03-28T18:17:16.648544,2022-04-17,Macron-Zemmour,0.644,1.0
2022-03-29T01:00:13.177132,2022-04-17,Macron-Le Pen,0.537,0.8393
2022-03-29T01:00:13.177132,2022-04-17,Macron-Pécresse,0.609,1.0
2022-03-29T01:00:13.177132,2022-04-17,Macron-Zemmour,0.644,1.0
2022-03-29T06:18:24.648466,2022-04-17,Macron-Le Pen,0.537,0.8385
2022-03-29T06:18:24.648466,2022-04-17,Macron-Pécresse,0.609,0.9998
2022-03-29T06:18:24.648466,2022-04-17,Macron-Zemmour,0.644,1.0
